<?xml version="1.1" encoding="UTF-8" standalone="no"?>
<databaseChangeLog
  xmlns="http://www.liquibase.org/xml/ns/dbchangelog"
  xmlns:xsi="http://www.w3.org/2001/XMLSchema-instance"
  xsi:schemaLocation="http://www.liquibase.org/xml/ns/dbchangelog
  http://www.liquibase.org/xml/ns/dbchangelog/dbchangelog-4.25.xsd"
  logicalFilePath="v1_00_create_initial_tables.xml">

  <changeSet id="v1_00" author="kukla">
    <tagDatabase tag="v1.0"/>
  </changeSet>

  <changeSet id="v1_00_create_initial_tables" author="kukla">

    <createTable tableName="message" schemaName="${DB_SCHEMA}">
      <column name="id" type="uuid">
        <constraints primaryKey="true"
                     nullable="false"
                     primaryKeyName="message_pkey"/>
      </column>
      <column name="organization_id" type="uuid">
        <constraints nullable="true"/>
      </column>
      <column name="sender_name" type="varchar(255)">
        <constraints nullable="false"/>
      </column>
      <column name="title" type="varchar(255)">
        <constraints nullable="false"/>
      </column>
      <column name="topic_id" type="uuid">
        <constraints nullable="false"/>
      </column>
      <column name="body" type="text">
        <constraints nullable="false"/>
      </column>
      <column name="body_type" type="varchar(50)">
        <constraints nullable="false"/>
      </column>
      <column name="body_short" type="varchar(255)">
        <constraints nullable="false"/>
      </column>
      <column name="actions" type="json">
        <constraints nullable="true"/>
      </column>
      <column name="tags" type="json">
        <constraints nullable="true"/>
      </column>
      <column name="recipient_kid" type="uuid">
        <constraints nullable="true"/>
      </column>
      <column name="created_at" type="timestamp with time zone">
        <constraints nullable="false"/>
      </column>
      <column name="is_notification_send" type="boolean" defaultValueBoolean="false">
        <constraints nullable="false"/>
      </column>
      <column name="locations" type="json">
        <constraints nullable="true"/>
      </column>
    </createTable>

    <createTable tableName="recipient" schemaName="${DB_SCHEMA}">
      <column name="kid" type="uuid">
        <constraints primaryKey="true"
                     nullable="false"
                     primaryKeyName="recipient_pkey"/>
      </column>
      <column name="email" type="varchar(255)">
        <constraints nullable="false"/>
      </column>
    </createTable>

    <createTable tableName="SHEDLOCK" schemaName="${DB_SCHEMA}">
      <column name="NAME" type="VARCHAR2(64)">
        <constraints primaryKey="true"
                     nullable="false"
                     primaryKeyName="SHEDLOCK_PKEY"/>
      </column>
      <column name="LOCK_UNTIL" type="TIMESTAMP(3)">
        <constraints nullable="false"/>
      </column>
      <column name="LOCKED_AT" type="TIMESTAMP(3)">
        <constraints nullable="false"/>
      </column>
      <column name="LOCKED_BY" type="VARCHAR2(255)">
        <constraints nullable="false"/>
      </column>
    </createTable>

    <createTable tableName="topic" schemaName="${DB_SCHEMA}">
      <column name="id" type="uuid">
        <constraints primaryKey="true"
                     nullable="false"
                     primaryKeyName="topic_pkey"/>
      </column>
      <column name="name" type="varchar(255)">
        <constraints nullable="false"/>
      </column>
      <column name="description" type="varchar(255)">
        <constraints nullable="false"/>
      </column>
      <column name="organization_id" type="uuid">
        <constraints nullable="false"/>
      </column>
      <column name="organization_name" type="varchar(255)">
        <constraints nullable="false"/>
      </column>
    </createTable>

    <createTable tableName="subscription" schemaName="${DB_SCHEMA}">
      <column name="id" type="uuid">
        <constraints primaryKey="true"
                     nullable="false"/>
      </column>
      <column name="topic_id" type="uuid">
        <constraints nullable="false"/>
      </column>
      <column name="recipient_kid" type="uuid">
        <constraints nullable="false"/>
      </column>
      <column name="is_email_enabled" type="boolean">
        <constraints nullable="false"/>
      </column>
    </createTable>

    <addUniqueConstraint
      constraintName="unique_subscription_topic_id_recipient_kid"
      schemaName="${DB_SCHEMA}"
      tableName="subscription"
      columnNames="topic_id, recipient_kid"/>


    <addForeignKeyConstraint
      baseTableName="message"
      baseColumnNames="topic_id"
      constraintName="message_topic_id_fk"
      referencedTableName="topic"
      referencedColumnNames="id"/>

    <addForeignKeyConstraint
      baseTableName="subscription"
      baseColumnNames="topic_id"
      constraintName="subscription_topic_id_fk"
      referencedTableName="topic"
      referencedColumnNames="id"/>

    <addForeignKeyConstraint
      baseTableName="subscription"
      baseColumnNames="recipient_kid"
      constraintName="subscription_recipient_id_fk"
      referencedTableName="recipient"
      referencedColumnNames="kid"/>

    <sql dbms="postgresql"
         endDelimiter=";"
         splitStatements="true"
         stripComments="true">
      GRANT SELECT, INSERT, UPDATE, DELETE ON ${DB_SCHEMA}.MESSAGE TO ${DB_USERNAME}, ${DB_NOTIFICATION_USERNAME};
      GRANT SELECT, INSERT, UPDATE, DELETE ON ${DB_SCHEMA}.RECIPIENT TO ${DB_USERNAME}, ${DB_NOTIFICATION_USERNAME};
      GRANT SELECT, INSERT, UPDATE, DELETE ON ${DB_SCHEMA}.SHEDLOCK TO ${DB_USERNAME}, ${DB_NOTIFICATION_USERNAME};
      GRANT SELECT, INSERT, UPDATE, DELETE ON ${DB_SCHEMA}.TOPIC TO ${DB_USERNAME}, ${DB_NOTIFICATION_USERNAME};
      GRANT SELECT, INSERT, UPDATE, DELETE ON ${DB_SCHEMA}.SUBSCRIPTION TO ${DB_USERNAME}, ${DB_NOTIFICATION_USERNAME};
    </sql>

  </changeSet>
</databaseChangeLog>
